"wage_level","household_type","hourly_wage","state_name"
"Living Wage","1 Adult",10.17,"Alabama"
"Poverty Wage","1 Adult",5,"Alabama"
"Living Wage","1 Adult 1 Child",19.86,"Alabama"
"Poverty Wage","1 Adult 1 Child",7,"Alabama"
"Living Wage","1 Adult 2 Children",24.59,"Alabama"
"Poverty Wage","1 Adult 2 Children",9,"Alabama"
"Living Wage","1 Adult 3 Children",31.49,"Alabama"
"Poverty Wage","1 Adult 3 Children",11,"Alabama"
"Living Wage","2 Adults (One Working)",16.35,"Alabama"
"Poverty Wage","2 Adults (One Working)",7,"Alabama"
"Living Wage","2 Adults (One Working) 1 Child",19.22,"Alabama"
"Poverty Wage","2 Adults (One Working) 1 Child",9,"Alabama"
"Living Wage","2 Adults (One Working) 2 Children",21.81,"Alabama"
"Poverty Wage","2 Adults (One Working) 2 Children",11,"Alabama"
"Living Wage","2 Adults (One Working) 3 Children",23.93,"Alabama"
"Poverty Wage","2 Adults (One Working) 3 Children",13,"Alabama"
"Living Wage","2 Adults",8.17,"Alabama"
"Poverty Wage","2 Adults",3,"Alabama"
"Living Wage","2 Adults 1 Child",11.02,"Alabama"
"Poverty Wage","2 Adults 1 Child",4,"Alabama"
"Living Wage","2 Adults 2 Children",13.64,"Alabama"
"Poverty Wage","2 Adults 2 Children",5,"Alabama"
"Living Wage","2 Adults 3 Children",16.04,"Alabama"
"Poverty Wage","2 Adults 3 Children",6,"Alabama"
"Living Wage","1 Adult",11.17,"Alaska"
"Poverty Wage","1 Adult",7,"Alaska"
"Living Wage","1 Adult 1 Child",23.9,"Alaska"
"Poverty Wage","1 Adult 1 Child",9,"Alaska"
"Living Wage","1 Adult 2 Children",28.88,"Alaska"
"Poverty Wage","1 Adult 2 Children",11,"Alaska"
"Living Wage","1 Adult 3 Children",37.46,"Alaska"
"Poverty Wage","1 Adult 3 Children",14,"Alaska"
"Living Wage","2 Adults (One Working)",17.73,"Alaska"
"Poverty Wage","2 Adults (One Working)",9,"Alaska"
"Living Wage","2 Adults (One Working) 1 Child",21.88,"Alaska"
"Poverty Wage","2 Adults (One Working) 1 Child",11,"Alaska"
"Living Wage","2 Adults (One Working) 2 Children",24.46,"Alaska"
"Poverty Wage","2 Adults (One Working) 2 Children",14,"Alaska"
"Living Wage","2 Adults (One Working) 3 Children",28.29,"Alaska"
"Poverty Wage","2 Adults (One Working) 3 Children",16,"Alaska"
"Living Wage","2 Adults",8.87,"Alaska"
"Poverty Wage","2 Adults",4,"Alaska"
"Living Wage","2 Adults 1 Child",13.08,"Alaska"
"Poverty Wage","2 Adults 1 Child",5,"Alaska"
"Living Wage","2 Adults 2 Children",15.8,"Alaska"
"Poverty Wage","2 Adults 2 Children",7,"Alaska"
"Living Wage","2 Adults 3 Children",19.13,"Alaska"
"Poverty Wage","2 Adults 3 Children",8,"Alaska"
"Living Wage","1 Adult",10.47,"Arizona"
"Poverty Wage","1 Adult",5,"Arizona"
"Living Wage","1 Adult 1 Child",22.37,"Arizona"
"Poverty Wage","1 Adult 1 Child",7,"Arizona"
"Living Wage","1 Adult 2 Children",28.02,"Arizona"
"Poverty Wage","1 Adult 2 Children",9,"Arizona"
"Living Wage","1 Adult 3 Children",37,"Arizona"
"Poverty Wage","1 Adult 3 Children",11,"Arizona"
"Living Wage","2 Adults (One Working)",17.4,"Arizona"
"Poverty Wage","2 Adults (One Working)",7,"Arizona"
"Living Wage","2 Adults (One Working) 1 Child",21.11,"Arizona"
"Poverty Wage","2 Adults (One Working) 1 Child",9,"Arizona"
"Living Wage","2 Adults (One Working) 2 Children",23.76,"Arizona"
"Poverty Wage","2 Adults (One Working) 2 Children",11,"Arizona"
"Living Wage","2 Adults (One Working) 3 Children",27.33,"Arizona"
"Poverty Wage","2 Adults (One Working) 3 Children",13,"Arizona"
"Living Wage","2 Adults",8.7,"Arizona"
"Poverty Wage","2 Adults",3,"Arizona"
"Living Wage","2 Adults 1 Child",12.34,"Arizona"
"Poverty Wage","2 Adults 1 Child",4,"Arizona"
"Living Wage","2 Adults 2 Children",15.4,"Arizona"
"Poverty Wage","2 Adults 2 Children",5,"Arizona"
"Living Wage","2 Adults 3 Children",18.91,"Arizona"
"Poverty Wage","2 Adults 3 Children",6,"Arizona"
"Living Wage","1 Adult",9.56,"Arkansas"
"Poverty Wage","1 Adult",5,"Arkansas"
"Living Wage","1 Adult 1 Child",19.29,"Arkansas"
"Poverty Wage","1 Adult 1 Child",7,"Arkansas"
"Living Wage","1 Adult 2 Children",24.6,"Arkansas"
"Poverty Wage","1 Adult 2 Children",9,"Arkansas"
"Living Wage","1 Adult 3 Children",32.14,"Arkansas"
"Poverty Wage","1 Adult 3 Children",11,"Arkansas"
"Living Wage","2 Adults (One Working)",15.68,"Arkansas"
"Poverty Wage","2 Adults (One Working)",7,"Arkansas"
"Living Wage","2 Adults (One Working) 1 Child",18.85,"Arkansas"
"Poverty Wage","2 Adults (One Working) 1 Child",9,"Arkansas"
"Living Wage","2 Adults (One Working) 2 Children",21.4,"Arkansas"
"Poverty Wage","2 Adults (One Working) 2 Children",11,"Arkansas"
"Living Wage","2 Adults (One Working) 3 Children",23.58,"Arkansas"
"Poverty Wage","2 Adults (One Working) 3 Children",13,"Arkansas"
"Living Wage","2 Adults",7.84,"Arkansas"
"Poverty Wage","2 Adults",3,"Arkansas"
"Living Wage","2 Adults 1 Child",10.71,"Arkansas"
"Poverty Wage","2 Adults 1 Child",4,"Arkansas"
"Living Wage","2 Adults 2 Children",13.63,"Arkansas"
"Poverty Wage","2 Adults 2 Children",5,"Arkansas"
"Living Wage","2 Adults 3 Children",16.36,"Arkansas"
"Poverty Wage","2 Adults 3 Children",6,"Arkansas"
"Living Wage","1 Adult",12.34,"California"
"Poverty Wage","1 Adult",5,"California"
"Living Wage","1 Adult 1 Child",25.26,"California"
"Poverty Wage","1 Adult 1 Child",7,"California"
"Living Wage","1 Adult 2 Children",28.82,"California"
"Poverty Wage","1 Adult 2 Children",9,"California"
"Living Wage","1 Adult 3 Children",36.44,"California"
"Poverty Wage","1 Adult 3 Children",11,"California"
"Living Wage","2 Adults (One Working)",19.23,"California"
"Poverty Wage","2 Adults (One Working)",7,"California"
"Living Wage","2 Adults (One Working) 1 Child",23.56,"California"
"Poverty Wage","2 Adults (One Working) 1 Child",9,"California"
"Living Wage","2 Adults (One Working) 2 Children",26.2,"California"
"Poverty Wage","2 Adults (One Working) 2 Children",11,"California"
"Living Wage","2 Adults (One Working) 3 Children",30.48,"California"
"Poverty Wage","2 Adults (One Working) 3 Children",13,"California"
"Living Wage","2 Adults",9.61,"California"
"Poverty Wage","2 Adults",3,"California"
"Living Wage","2 Adults 1 Child",13.78,"California"
"Poverty Wage","2 Adults 1 Child",4,"California"
"Living Wage","2 Adults 2 Children",15.79,"California"
"Poverty Wage","2 Adults 2 Children",5,"California"
"Living Wage","2 Adults 3 Children",18.63,"California"
"Poverty Wage","2 Adults 3 Children",6,"California"
"Living Wage","1 Adult",10.69,"Colorado"
"Poverty Wage","1 Adult",5,"Colorado"
"Living Wage","1 Adult 1 Child",23.51,"Colorado"
"Poverty Wage","1 Adult 1 Child",7,"Colorado"
"Living Wage","1 Adult 2 Children",28.16,"Colorado"
"Poverty Wage","1 Adult 2 Children",9,"Colorado"
"Living Wage","1 Adult 3 Children",36.14,"Colorado"
"Poverty Wage","1 Adult 3 Children",11,"Colorado"
"Living Wage","2 Adults (One Working)",17.31,"Colorado"
"Poverty Wage","2 Adults (One Working)",7,"Colorado"
"Living Wage","2 Adults (One Working) 1 Child",21.18,"Colorado"
"Poverty Wage","2 Adults (One Working) 1 Child",9,"Colorado"
"Living Wage","2 Adults (One Working) 2 Children",23.87,"Colorado"
"Poverty Wage","2 Adults (One Working) 2 Children",11,"Colorado"
"Living Wage","2 Adults (One Working) 3 Children",27.44,"Colorado"
"Poverty Wage","2 Adults (One Working) 3 Children",13,"Colorado"
"Living Wage","2 Adults",8.65,"Colorado"
"Poverty Wage","2 Adults",3,"Colorado"
"Living Wage","2 Adults 1 Child",12.93,"Colorado"
"Poverty Wage","2 Adults 1 Child",4,"Colorado"
"Living Wage","2 Adults 2 Children",15.49,"Colorado"
"Poverty Wage","2 Adults 2 Children",5,"Colorado"
"Living Wage","2 Adults 3 Children",18.49,"Colorado"
"Poverty Wage","2 Adults 3 Children",6,"Colorado"
"Living Wage","1 Adult",11.97,"Connecticut"
"Poverty Wage","1 Adult",5,"Connecticut"
"Living Wage","1 Adult 1 Child",26.36,"Connecticut"
"Poverty Wage","1 Adult 1 Child",7,"Connecticut"
"Living Wage","1 Adult 2 Children",31,"Connecticut"
"Poverty Wage","1 Adult 2 Children",9,"Connecticut"
"Living Wage","1 Adult 3 Children",38.29,"Connecticut"
"Poverty Wage","1 Adult 3 Children",11,"Connecticut"
"Living Wage","2 Adults (One Working)",18.71,"Connecticut"
"Poverty Wage","2 Adults (One Working)",7,"Connecticut"
"Living Wage","2 Adults (One Working) 1 Child",23.25,"Connecticut"
"Poverty Wage","2 Adults (One Working) 1 Child",9,"Connecticut"
"Living Wage","2 Adults (One Working) 2 Children",25.82,"Connecticut"
"Poverty Wage","2 Adults (One Working) 2 Children",11,"Connecticut"
"Living Wage","2 Adults (One Working) 3 Children",28.73,"Connecticut"
"Poverty Wage","2 Adults (One Working) 3 Children",13,"Connecticut"
"Living Wage","2 Adults",9.35,"Connecticut"
"Poverty Wage","2 Adults",3,"Connecticut"
"Living Wage","2 Adults 1 Child",14.3,"Connecticut"
"Poverty Wage","2 Adults 1 Child",4,"Connecticut"
"Living Wage","2 Adults 2 Children",16.85,"Connecticut"
"Poverty Wage","2 Adults 2 Children",5,"Connecticut"
"Living Wage","2 Adults 3 Children",19.56,"Connecticut"
"Poverty Wage","2 Adults 3 Children",6,"Connecticut"
"Living Wage","1 Adult",11.68,"Delaware"
"Poverty Wage","1 Adult",5,"Delaware"
"Living Wage","1 Adult 1 Child",23.37,"Delaware"
"Poverty Wage","1 Adult 1 Child",7,"Delaware"
"Living Wage","1 Adult 2 Children",28.12,"Delaware"
"Poverty Wage","1 Adult 2 Children",9,"Delaware"
"Living Wage","1 Adult 3 Children",35.5,"Delaware"
"Poverty Wage","1 Adult 3 Children",11,"Delaware"
"Living Wage","2 Adults (One Working)",18.29,"Delaware"
"Poverty Wage","2 Adults (One Working)",7,"Delaware"
"Living Wage","2 Adults (One Working) 1 Child",22.19,"Delaware"
"Poverty Wage","2 Adults (One Working) 1 Child",9,"Delaware"
"Living Wage","2 Adults (One Working) 2 Children",24.77,"Delaware"
"Poverty Wage","2 Adults (One Working) 2 Children",11,"Delaware"
"Living Wage","2 Adults (One Working) 3 Children",27.35,"Delaware"
"Poverty Wage","2 Adults (One Working) 3 Children",13,"Delaware"
"Living Wage","2 Adults",9.15,"Delaware"
"Poverty Wage","2 Adults",3,"Delaware"
"Living Wage","2 Adults 1 Child",12.77,"Delaware"
"Poverty Wage","2 Adults 1 Child",4,"Delaware"
"Living Wage","2 Adults 2 Children",15.41,"Delaware"
"Poverty Wage","2 Adults 2 Children",5,"Delaware"
"Living Wage","2 Adults 3 Children",18.04,"Delaware"
"Poverty Wage","2 Adults 3 Children",6,"Delaware"
"Living Wage","1 Adult",14.84,"District of Columbia"
"Poverty Wage","1 Adult",5,"District of Columbia"
"Living Wage","1 Adult 1 Child",30.42,"District of Columbia"
"Poverty Wage","1 Adult 1 Child",7,"District of Columbia"
"Living Wage","1 Adult 2 Children",37.81,"District of Columbia"
"Poverty Wage","1 Adult 2 Children",9,"District of Columbia"
"Living Wage","1 Adult 3 Children",49.19,"District of Columbia"
"Poverty Wage","1 Adult 3 Children",11,"District of Columbia"
"Living Wage","2 Adults (One Working)",21.65,"District of Columbia"
"Poverty Wage","2 Adults (One Working)",7,"District of Columbia"
"Living Wage","2 Adults (One Working) 1 Child",25.69,"District of Columbia"
"Poverty Wage","2 Adults (One Working) 1 Child",9,"District of Columbia"
"Living Wage","2 Adults (One Working) 2 Children",28.33,"District of Columbia"
"Poverty Wage","2 Adults (One Working) 2 Children",11,"District of Columbia"
"Living Wage","2 Adults (One Working) 3 Children",32.28,"District of Columbia"
"Poverty Wage","2 Adults (One Working) 3 Children",13,"District of Columbia"
"Living Wage","2 Adults",10.82,"District of Columbia"
"Poverty Wage","2 Adults",3,"District of Columbia"
"Living Wage","2 Adults 1 Child",16.31,"District of Columbia"
"Poverty Wage","2 Adults 1 Child",4,"District of Columbia"
"Living Wage","2 Adults 2 Children",20.27,"District of Columbia"
"Poverty Wage","2 Adults 2 Children",5,"District of Columbia"
"Living Wage","2 Adults 3 Children",24.9,"District of Columbia"
"Poverty Wage","2 Adults 3 Children",6,"District of Columbia"
"Living Wage","1 Adult",10.94,"Florida"
"Poverty Wage","1 Adult",5,"Florida"
"Living Wage","1 Adult 1 Child",23.01,"Florida"
"Poverty Wage","1 Adult 1 Child",7,"Florida"
"Living Wage","1 Adult 2 Children",27.08,"Florida"
"Poverty Wage","1 Adult 2 Children",9,"Florida"
"Living Wage","1 Adult 3 Children",34.05,"Florida"
"Poverty Wage","1 Adult 3 Children",11,"Florida"
"Living Wage","2 Adults (One Working)",17.76,"Florida"
"Poverty Wage","2 Adults (One Working)",7,"Florida"
"Living Wage","2 Adults (One Working) 1 Child",21.62,"Florida"
"Poverty Wage","2 Adults (One Working) 1 Child",9,"Florida"
"Living Wage","2 Adults (One Working) 2 Children",24.11,"Florida"
"Poverty Wage","2 Adults (One Working) 2 Children",11,"Florida"
"Living Wage","2 Adults (One Working) 3 Children",26.97,"Florida"
"Poverty Wage","2 Adults (One Working) 3 Children",13,"Florida"
"Living Wage","2 Adults",8.88,"Florida"
"Poverty Wage","2 Adults",3,"Florida"
"Living Wage","2 Adults 1 Child",12.55,"Florida"
"Poverty Wage","2 Adults 1 Child",4,"Florida"
"Living Wage","2 Adults 2 Children",14.84,"Florida"
"Poverty Wage","2 Adults 2 Children",5,"Florida"
"Living Wage","2 Adults 3 Children",17.31,"Florida"
"Poverty Wage","2 Adults 3 Children",6,"Florida"
"Living Wage","1 Adult",10.69,"Georgia"
"Poverty Wage","1 Adult",5,"Georgia"
"Living Wage","1 Adult 1 Child",20.92,"Georgia"
"Poverty Wage","1 Adult 1 Child",7,"Georgia"
"Living Wage","1 Adult 2 Children",24.73,"Georgia"
"Poverty Wage","1 Adult 2 Children",9,"Georgia"
"Living Wage","1 Adult 3 Children",30.91,"Georgia"
"Poverty Wage","1 Adult 3 Children",11,"Georgia"
"Living Wage","2 Adults (One Working)",16.86,"Georgia"
"Poverty Wage","2 Adults (One Working)",7,"Georgia"
"Living Wage","2 Adults (One Working) 1 Child",20.09,"Georgia"
"Poverty Wage","2 Adults (One Working) 1 Child",9,"Georgia"
"Living Wage","2 Adults (One Working) 2 Children",22.63,"Georgia"
"Poverty Wage","2 Adults (One Working) 2 Children",11,"Georgia"
"Living Wage","2 Adults (One Working) 3 Children",24.96,"Georgia"
"Poverty Wage","2 Adults (One Working) 3 Children",13,"Georgia"
"Living Wage","2 Adults",8.43,"Georgia"
"Poverty Wage","2 Adults",3,"Georgia"
"Living Wage","2 Adults 1 Child",11.53,"Georgia"
"Poverty Wage","2 Adults 1 Child",4,"Georgia"
"Living Wage","2 Adults 2 Children",13.69,"Georgia"
"Poverty Wage","2 Adults 2 Children",5,"Georgia"
"Living Wage","2 Adults 3 Children",15.75,"Georgia"
"Poverty Wage","2 Adults 3 Children",6,"Georgia"
"Living Wage","1 Adult",13.74,"Hawaii"
"Poverty Wage","1 Adult",6,"Hawaii"
"Living Wage","1 Adult 1 Child",26.86,"Hawaii"
"Poverty Wage","1 Adult 1 Child",8,"Hawaii"
"Living Wage","1 Adult 2 Children",33.26,"Hawaii"
"Poverty Wage","1 Adult 2 Children",10,"Hawaii"
"Living Wage","1 Adult 3 Children",45.08,"Hawaii"
"Poverty Wage","1 Adult 3 Children",13,"Hawaii"
"Living Wage","2 Adults (One Working)",20.39,"Hawaii"
"Poverty Wage","2 Adults (One Working)",8,"Hawaii"
"Living Wage","2 Adults (One Working) 1 Child",25.01,"Hawaii"
"Poverty Wage","2 Adults (One Working) 1 Child",10,"Hawaii"
"Living Wage","2 Adults (One Working) 2 Children",27.67,"Hawaii"
"Poverty Wage","2 Adults (One Working) 2 Children",13,"Hawaii"
"Living Wage","2 Adults (One Working) 3 Children",33.33,"Hawaii"
"Poverty Wage","2 Adults (One Working) 3 Children",15,"Hawaii"
"Living Wage","2 Adults",10.2,"Hawaii"
"Poverty Wage","2 Adults",4,"Hawaii"
"Living Wage","2 Adults 1 Child",14.59,"Hawaii"
"Poverty Wage","2 Adults 1 Child",5,"Hawaii"
"Living Wage","2 Adults 2 Children",18.02,"Hawaii"
"Poverty Wage","2 Adults 2 Children",6,"Hawaii"
"Living Wage","2 Adults 3 Children",22.95,"Hawaii"
"Poverty Wage","2 Adults 3 Children",7,"Hawaii"
"Living Wage","1 Adult",9.59,"Idaho"
"Poverty Wage","1 Adult",5,"Idaho"
"Living Wage","1 Adult 1 Child",19.69,"Idaho"
"Poverty Wage","1 Adult 1 Child",7,"Idaho"
"Living Wage","1 Adult 2 Children",24.18,"Idaho"
"Poverty Wage","1 Adult 2 Children",9,"Idaho"
"Living Wage","1 Adult 3 Children",31.27,"Idaho"
"Poverty Wage","1 Adult 3 Children",11,"Idaho"
"Living Wage","2 Adults (One Working)",15.92,"Idaho"
"Poverty Wage","2 Adults (One Working)",7,"Idaho"
"Living Wage","2 Adults (One Working) 1 Child",19.13,"Idaho"
"Poverty Wage","2 Adults (One Working) 1 Child",9,"Idaho"
"Living Wage","2 Adults (One Working) 2 Children",21.8,"Idaho"
"Poverty Wage","2 Adults (One Working) 2 Children",11,"Idaho"
"Living Wage","2 Adults (One Working) 3 Children",24.63,"Idaho"
"Poverty Wage","2 Adults (One Working) 3 Children",13,"Idaho"
"Living Wage","2 Adults",7.96,"Idaho"
"Poverty Wage","2 Adults",3,"Idaho"
"Living Wage","2 Adults 1 Child",11.01,"Idaho"
"Poverty Wage","2 Adults 1 Child",4,"Idaho"
"Living Wage","2 Adults 2 Children",13.49,"Idaho"
"Poverty Wage","2 Adults 2 Children",5,"Idaho"
"Living Wage","2 Adults 3 Children",16.05,"Idaho"
"Poverty Wage","2 Adults 3 Children",6,"Idaho"
"Living Wage","1 Adult",11.08,"Illinois"
"Poverty Wage","1 Adult",5,"Illinois"
"Living Wage","1 Adult 1 Child",22.96,"Illinois"
"Poverty Wage","1 Adult 1 Child",7,"Illinois"
"Living Wage","1 Adult 2 Children",27.64,"Illinois"
"Poverty Wage","1 Adult 2 Children",9,"Illinois"
"Living Wage","1 Adult 3 Children",34.7,"Illinois"
"Poverty Wage","1 Adult 3 Children",11,"Illinois"
"Living Wage","2 Adults (One Working)",17.55,"Illinois"
"Poverty Wage","2 Adults (One Working)",7,"Illinois"
"Living Wage","2 Adults (One Working) 1 Child",21.02,"Illinois"
"Poverty Wage","2 Adults (One Working) 1 Child",9,"Illinois"
"Living Wage","2 Adults (One Working) 2 Children",23.6,"Illinois"
"Poverty Wage","2 Adults (One Working) 2 Children",11,"Illinois"
"Living Wage","2 Adults (One Working) 3 Children",25.99,"Illinois"
"Poverty Wage","2 Adults (One Working) 3 Children",13,"Illinois"
"Living Wage","2 Adults",8.78,"Illinois"
"Poverty Wage","2 Adults",3,"Illinois"
"Living Wage","2 Adults 1 Child",12.57,"Illinois"
"Poverty Wage","2 Adults 1 Child",4,"Illinois"
"Living Wage","2 Adults 2 Children",15.17,"Illinois"
"Poverty Wage","2 Adults 2 Children",5,"Illinois"
"Living Wage","2 Adults 3 Children",17.67,"Illinois"
"Poverty Wage","2 Adults 3 Children",6,"Illinois"
"Living Wage","1 Adult",9.74,"Indiana"
"Poverty Wage","1 Adult",5,"Indiana"
"Living Wage","1 Adult 1 Child",20.36,"Indiana"
"Poverty Wage","1 Adult 1 Child",7,"Indiana"
"Living Wage","1 Adult 2 Children",24.44,"Indiana"
"Poverty Wage","1 Adult 2 Children",9,"Indiana"
"Living Wage","1 Adult 3 Children",30.62,"Indiana"
"Poverty Wage","1 Adult 3 Children",11,"Indiana"
"Living Wage","2 Adults (One Working)",16.05,"Indiana"
"Poverty Wage","2 Adults (One Working)",7,"Indiana"
"Living Wage","2 Adults (One Working) 1 Child",19.5,"Indiana"
"Poverty Wage","2 Adults (One Working) 1 Child",9,"Indiana"
"Living Wage","2 Adults (One Working) 2 Children",22.04,"Indiana"
"Poverty Wage","2 Adults (One Working) 2 Children",11,"Indiana"
"Living Wage","2 Adults (One Working) 3 Children",24.15,"Indiana"
"Poverty Wage","2 Adults (One Working) 3 Children",13,"Indiana"
"Living Wage","2 Adults",8.02,"Indiana"
"Poverty Wage","2 Adults",3,"Indiana"
"Living Wage","2 Adults 1 Child",11.26,"Indiana"
"Poverty Wage","2 Adults 1 Child",4,"Indiana"
"Living Wage","2 Adults 2 Children",13.55,"Indiana"
"Poverty Wage","2 Adults 2 Children",5,"Indiana"
"Living Wage","2 Adults 3 Children",15.62,"Indiana"
"Poverty Wage","2 Adults 3 Children",6,"Indiana"
"Living Wage","1 Adult",9.93,"Iowa"
"Poverty Wage","1 Adult",5,"Iowa"
"Living Wage","1 Adult 1 Child",21.27,"Iowa"
"Poverty Wage","1 Adult 1 Child",7,"Iowa"
"Living Wage","1 Adult 2 Children",25.81,"Iowa"
"Poverty Wage","1 Adult 2 Children",9,"Iowa"
"Living Wage","1 Adult 3 Children",32.63,"Iowa"
"Poverty Wage","1 Adult 3 Children",11,"Iowa"
"Living Wage","2 Adults (One Working)",16.38,"Iowa"
"Poverty Wage","2 Adults (One Working)",7,"Iowa"
"Living Wage","2 Adults (One Working) 1 Child",19.71,"Iowa"
"Poverty Wage","2 Adults (One Working) 1 Child",9,"Iowa"
"Living Wage","2 Adults (One Working) 2 Children",22.33,"Iowa"
"Poverty Wage","2 Adults (One Working) 2 Children",11,"Iowa"
"Living Wage","2 Adults (One Working) 3 Children",24.64,"Iowa"
"Poverty Wage","2 Adults (One Working) 3 Children",13,"Iowa"
"Living Wage","2 Adults",8.19,"Iowa"
"Poverty Wage","2 Adults",3,"Iowa"
"Living Wage","2 Adults 1 Child",11.75,"Iowa"
"Poverty Wage","2 Adults 1 Child",4,"Iowa"
"Living Wage","2 Adults 2 Children",14.28,"Iowa"
"Poverty Wage","2 Adults 2 Children",5,"Iowa"
"Living Wage","2 Adults 3 Children",16.64,"Iowa"
"Poverty Wage","2 Adults 3 Children",6,"Iowa"
"Living Wage","1 Adult",9.82,"Kansas"
"Poverty Wage","1 Adult",5,"Kansas"
"Living Wage","1 Adult 1 Child",20.92,"Kansas"
"Poverty Wage","1 Adult 1 Child",7,"Kansas"
"Living Wage","1 Adult 2 Children",25.34,"Kansas"
"Poverty Wage","1 Adult 2 Children",9,"Kansas"
"Living Wage","1 Adult 3 Children",32.22,"Kansas"
"Poverty Wage","1 Adult 3 Children",11,"Kansas"
"Living Wage","2 Adults (One Working)",16.36,"Kansas"
"Poverty Wage","2 Adults (One Working)",7,"Kansas"
"Living Wage","2 Adults (One Working) 1 Child",19.79,"Kansas"
"Poverty Wage","2 Adults (One Working) 1 Child",9,"Kansas"
"Living Wage","2 Adults (One Working) 2 Children",22.36,"Kansas"
"Poverty Wage","2 Adults (One Working) 2 Children",11,"Kansas"
"Living Wage","2 Adults (One Working) 3 Children",24.84,"Kansas"
"Poverty Wage","2 Adults (One Working) 3 Children",13,"Kansas"
"Living Wage","2 Adults",8.18,"Kansas"
"Poverty Wage","2 Adults",3,"Kansas"
"Living Wage","2 Adults 1 Child",11.55,"Kansas"
"Poverty Wage","2 Adults 1 Child",4,"Kansas"
"Living Wage","2 Adults 2 Children",14.01,"Kansas"
"Poverty Wage","2 Adults 2 Children",5,"Kansas"
"Living Wage","2 Adults 3 Children",16.43,"Kansas"
"Poverty Wage","2 Adults 3 Children",6,"Kansas"
"Living Wage","1 Adult",9.71,"Kentucky"
"Poverty Wage","1 Adult",5,"Kentucky"
"Living Wage","1 Adult 1 Child",18.67,"Kentucky"
"Poverty Wage","1 Adult 1 Child",7,"Kentucky"
"Living Wage","1 Adult 2 Children",23.61,"Kentucky"
"Poverty Wage","1 Adult 2 Children",9,"Kentucky"
"Living Wage","1 Adult 3 Children",30.77,"Kentucky"
"Poverty Wage","1 Adult 3 Children",11,"Kentucky"
"Living Wage","2 Adults (One Working)",15.68,"Kentucky"
"Poverty Wage","2 Adults (One Working)",7,"Kentucky"
"Living Wage","2 Adults (One Working) 1 Child",18.93,"Kentucky"
"Poverty Wage","2 Adults (One Working) 1 Child",9,"Kentucky"
"Living Wage","2 Adults (One Working) 2 Children",21.5,"Kentucky"
"Poverty Wage","2 Adults (One Working) 2 Children",11,"Kentucky"
"Living Wage","2 Adults (One Working) 3 Children",23.66,"Kentucky"
"Poverty Wage","2 Adults (One Working) 3 Children",13,"Kentucky"
"Living Wage","2 Adults",7.84,"Kentucky"
"Poverty Wage","2 Adults",3,"Kentucky"
"Living Wage","2 Adults 1 Child",10.41,"Kentucky"
"Poverty Wage","2 Adults 1 Child",4,"Kentucky"
"Living Wage","2 Adults 2 Children",13.14,"Kentucky"
"Poverty Wage","2 Adults 2 Children",5,"Kentucky"
"Living Wage","2 Adults 3 Children",15.67,"Kentucky"
"Poverty Wage","2 Adults 3 Children",6,"Kentucky"
"Living Wage","1 Adult",10.47,"Louisiana"
"Poverty Wage","1 Adult",5,"Louisiana"
"Living Wage","1 Adult 1 Child",20.9,"Louisiana"
"Poverty Wage","1 Adult 1 Child",7,"Louisiana"
"Living Wage","1 Adult 2 Children",23.58,"Louisiana"
"Poverty Wage","1 Adult 2 Children",9,"Louisiana"
"Living Wage","1 Adult 3 Children",28.38,"Louisiana"
"Poverty Wage","1 Adult 3 Children",11,"Louisiana"
"Living Wage","2 Adults (One Working)",16.94,"Louisiana"
"Poverty Wage","2 Adults (One Working)",7,"Louisiana"
"Living Wage","2 Adults (One Working) 1 Child",20.42,"Louisiana"
"Poverty Wage","2 Adults (One Working) 1 Child",9,"Louisiana"
"Living Wage","2 Adults (One Working) 2 Children",23.01,"Louisiana"
"Poverty Wage","2 Adults (One Working) 2 Children",11,"Louisiana"
"Living Wage","2 Adults (One Working) 3 Children",25.08,"Louisiana"
"Poverty Wage","2 Adults (One Working) 3 Children",13,"Louisiana"
"Living Wage","2 Adults",8.47,"Louisiana"
"Poverty Wage","2 Adults",3,"Louisiana"
"Living Wage","2 Adults 1 Child",11.53,"Louisiana"
"Poverty Wage","2 Adults 1 Child",4,"Louisiana"
"Living Wage","2 Adults 2 Children",13.14,"Louisiana"
"Poverty Wage","2 Adults 2 Children",5,"Louisiana"
"Living Wage","2 Adults 3 Children",14.48,"Louisiana"
"Poverty Wage","2 Adults 3 Children",6,"Louisiana"
"Living Wage","1 Adult",10.61,"Maine"
"Poverty Wage","1 Adult",5,"Maine"
"Living Wage","1 Adult 1 Child",22.36,"Maine"
"Poverty Wage","1 Adult 1 Child",7,"Maine"
"Living Wage","1 Adult 2 Children",26.71,"Maine"
"Poverty Wage","1 Adult 2 Children",9,"Maine"
"Living Wage","1 Adult 3 Children",33.42,"Maine"
"Poverty Wage","1 Adult 3 Children",11,"Maine"
"Living Wage","2 Adults (One Working)",17.31,"Maine"
"Poverty Wage","2 Adults (One Working)",7,"Maine"
"Living Wage","2 Adults (One Working) 1 Child",20.85,"Maine"
"Poverty Wage","2 Adults (One Working) 1 Child",9,"Maine"
"Living Wage","2 Adults (One Working) 2 Children",23.48,"Maine"
"Poverty Wage","2 Adults (One Working) 2 Children",11,"Maine"
"Living Wage","2 Adults (One Working) 3 Children",26.12,"Maine"
"Poverty Wage","2 Adults (One Working) 3 Children",13,"Maine"
"Living Wage","2 Adults",8.65,"Maine"
"Poverty Wage","2 Adults",3,"Maine"
"Living Wage","2 Adults 1 Child",12.33,"Maine"
"Poverty Wage","2 Adults 1 Child",4,"Maine"
"Living Wage","2 Adults 2 Children",14.74,"Maine"
"Poverty Wage","2 Adults 2 Children",5,"Maine"
"Living Wage","2 Adults 3 Children",17.14,"Maine"
"Poverty Wage","2 Adults 3 Children",6,"Maine"
"Living Wage","1 Adult",13.07,"Maryland"
"Poverty Wage","1 Adult",5,"Maryland"
"Living Wage","1 Adult 1 Child",25.82,"Maryland"
"Poverty Wage","1 Adult 1 Child",7,"Maryland"
"Living Wage","1 Adult 2 Children",29.92,"Maryland"
"Poverty Wage","1 Adult 2 Children",9,"Maryland"
"Living Wage","1 Adult 3 Children",37.3,"Maryland"
"Poverty Wage","1 Adult 3 Children",11,"Maryland"
"Living Wage","2 Adults (One Working)",19.72,"Maryland"
"Poverty Wage","2 Adults (One Working)",7,"Maryland"
"Living Wage","2 Adults (One Working) 1 Child",23.58,"Maryland"
"Poverty Wage","2 Adults (One Working) 1 Child",9,"Maryland"
"Living Wage","2 Adults (One Working) 2 Children",26.14,"Maryland"
"Poverty Wage","2 Adults (One Working) 2 Children",11,"Maryland"
"Living Wage","2 Adults (One Working) 3 Children",29.38,"Maryland"
"Poverty Wage","2 Adults (One Working) 3 Children",13,"Maryland"
"Living Wage","2 Adults",9.86,"Maryland"
"Poverty Wage","2 Adults",3,"Maryland"
"Living Wage","2 Adults 1 Child",13.99,"Maryland"
"Poverty Wage","2 Adults 1 Child",4,"Maryland"
"Living Wage","2 Adults 2 Children",16.29,"Maryland"
"Poverty Wage","2 Adults 2 Children",5,"Maryland"
"Living Wage","2 Adults 3 Children",18.94,"Maryland"
"Poverty Wage","2 Adults 3 Children",6,"Maryland"
"Living Wage","1 Adult",12.6,"Massachusetts"
"Poverty Wage","1 Adult",5,"Massachusetts"
"Living Wage","1 Adult 1 Child",26.38,"Massachusetts"
"Poverty Wage","1 Adult 1 Child",7,"Massachusetts"
"Living Wage","1 Adult 2 Children",30.46,"Massachusetts"
"Poverty Wage","1 Adult 2 Children",9,"Massachusetts"
"Living Wage","1 Adult 3 Children",37.18,"Massachusetts"
"Poverty Wage","1 Adult 3 Children",11,"Massachusetts"
"Living Wage","2 Adults (One Working)",19,"Massachusetts"
"Poverty Wage","2 Adults (One Working)",7,"Massachusetts"
"Living Wage","2 Adults (One Working) 1 Child",22.95,"Massachusetts"
"Poverty Wage","2 Adults (One Working) 1 Child",9,"Massachusetts"
"Living Wage","2 Adults (One Working) 2 Children",25.52,"Massachusetts"
"Poverty Wage","2 Adults (One Working) 2 Children",11,"Massachusetts"
"Living Wage","2 Adults (One Working) 3 Children",28.44,"Massachusetts"
"Poverty Wage","2 Adults (One Working) 3 Children",13,"Massachusetts"
"Living Wage","2 Adults",9.5,"Massachusetts"
"Poverty Wage","2 Adults",3,"Massachusetts"
"Living Wage","2 Adults 1 Child",14.32,"Massachusetts"
"Poverty Wage","2 Adults 1 Child",4,"Massachusetts"
"Living Wage","2 Adults 2 Children",16.58,"Massachusetts"
"Poverty Wage","2 Adults 2 Children",5,"Massachusetts"
"Living Wage","2 Adults 3 Children",19.01,"Massachusetts"
"Poverty Wage","2 Adults 3 Children",6,"Massachusetts"
"Living Wage","1 Adult",9.98,"Michigan"
"Poverty Wage","1 Adult",5,"Michigan"
"Living Wage","1 Adult 1 Child",21.31,"Michigan"
"Poverty Wage","1 Adult 1 Child",7,"Michigan"
"Living Wage","1 Adult 2 Children",25.67,"Michigan"
"Poverty Wage","1 Adult 2 Children",9,"Michigan"
"Living Wage","1 Adult 3 Children",32.41,"Michigan"
"Poverty Wage","1 Adult 3 Children",11,"Michigan"
"Living Wage","2 Adults (One Working)",16.35,"Michigan"
"Poverty Wage","2 Adults (One Working)",7,"Michigan"
"Living Wage","2 Adults (One Working) 1 Child",19.81,"Michigan"
"Poverty Wage","2 Adults (One Working) 1 Child",9,"Michigan"
"Living Wage","2 Adults (One Working) 2 Children",22.37,"Michigan"
"Poverty Wage","2 Adults (One Working) 2 Children",11,"Michigan"
"Living Wage","2 Adults (One Working) 3 Children",24.76,"Michigan"
"Poverty Wage","2 Adults (One Working) 3 Children",13,"Michigan"
"Living Wage","2 Adults",8.17,"Michigan"
"Poverty Wage","2 Adults",3,"Michigan"
"Living Wage","2 Adults 1 Child",11.74,"Michigan"
"Poverty Wage","2 Adults 1 Child",4,"Michigan"
"Living Wage","2 Adults 2 Children",14.17,"Michigan"
"Poverty Wage","2 Adults 2 Children",5,"Michigan"
"Living Wage","2 Adults 3 Children",16.52,"Michigan"
"Poverty Wage","2 Adults 3 Children",6,"Michigan"
"Living Wage","1 Adult",10.65,"Minnesota"
"Poverty Wage","1 Adult",5,"Minnesota"
"Living Wage","1 Adult 1 Child",22.83,"Minnesota"
"Poverty Wage","1 Adult 1 Child",7,"Minnesota"
"Living Wage","1 Adult 2 Children",27.83,"Minnesota"
"Poverty Wage","1 Adult 2 Children",9,"Minnesota"
"Living Wage","1 Adult 3 Children",35.7,"Minnesota"
"Poverty Wage","1 Adult 3 Children",11,"Minnesota"
"Living Wage","2 Adults (One Working)",17.28,"Minnesota"
"Poverty Wage","2 Adults (One Working)",7,"Minnesota"
"Living Wage","2 Adults (One Working) 1 Child",20.92,"Minnesota"
"Poverty Wage","2 Adults (One Working) 1 Child",9,"Minnesota"
"Living Wage","2 Adults (One Working) 2 Children",23.54,"Minnesota"
"Poverty Wage","2 Adults (One Working) 2 Children",11,"Minnesota"
"Living Wage","2 Adults (One Working) 3 Children",26.43,"Minnesota"
"Poverty Wage","2 Adults (One Working) 3 Children",13,"Minnesota"
"Living Wage","2 Adults",8.64,"Minnesota"
"Poverty Wage","2 Adults",3,"Minnesota"
"Living Wage","2 Adults 1 Child",12.53,"Minnesota"
"Poverty Wage","2 Adults 1 Child",4,"Minnesota"
"Living Wage","2 Adults 2 Children",15.28,"Minnesota"
"Poverty Wage","2 Adults 2 Children",5,"Minnesota"
"Living Wage","2 Adults 3 Children",18.17,"Minnesota"
"Poverty Wage","2 Adults 3 Children",6,"Minnesota"
"Living Wage","1 Adult",9.95,"Mississippi"
"Poverty Wage","1 Adult",5,"Mississippi"
"Living Wage","1 Adult 1 Child",19.99,"Mississippi"
"Poverty Wage","1 Adult 1 Child",7,"Mississippi"
"Living Wage","1 Adult 2 Children",23.87,"Mississippi"
"Poverty Wage","1 Adult 2 Children",9,"Mississippi"
"Living Wage","1 Adult 3 Children",29.88,"Mississippi"
"Poverty Wage","1 Adult 3 Children",11,"Mississippi"
"Living Wage","2 Adults (One Working)",16.52,"Mississippi"
"Poverty Wage","2 Adults (One Working)",7,"Mississippi"
"Living Wage","2 Adults (One Working) 1 Child",19.71,"Mississippi"
"Poverty Wage","2 Adults (One Working) 1 Child",9,"Mississippi"
"Living Wage","2 Adults (One Working) 2 Children",22.3,"Mississippi"
"Poverty Wage","2 Adults (One Working) 2 Children",11,"Mississippi"
"Living Wage","2 Adults (One Working) 3 Children",24.4,"Mississippi"
"Poverty Wage","2 Adults (One Working) 3 Children",13,"Mississippi"
"Living Wage","2 Adults",8.26,"Mississippi"
"Poverty Wage","2 Adults",3,"Mississippi"
"Living Wage","2 Adults 1 Child",11.08,"Mississippi"
"Poverty Wage","2 Adults 1 Child",4,"Mississippi"
"Living Wage","2 Adults 2 Children",13.28,"Mississippi"
"Poverty Wage","2 Adults 2 Children",5,"Mississippi"
"Living Wage","2 Adults 3 Children",15.24,"Mississippi"
"Poverty Wage","2 Adults 3 Children",6,"Mississippi"
"Living Wage","1 Adult",9.64,"Missouri"
"Poverty Wage","1 Adult",5,"Missouri"
"Living Wage","1 Adult 1 Child",20.06,"Missouri"
"Poverty Wage","1 Adult 1 Child",7,"Missouri"
"Living Wage","1 Adult 2 Children",23.79,"Missouri"
"Poverty Wage","1 Adult 2 Children",9,"Missouri"
"Living Wage","1 Adult 3 Children",29.77,"Missouri"
"Poverty Wage","1 Adult 3 Children",11,"Missouri"
"Living Wage","2 Adults (One Working)",15.89,"Missouri"
"Poverty Wage","2 Adults (One Working)",7,"Missouri"
"Living Wage","2 Adults (One Working) 1 Child",19.46,"Missouri"
"Poverty Wage","2 Adults (One Working) 1 Child",9,"Missouri"
"Living Wage","2 Adults (One Working) 2 Children",21.97,"Missouri"
"Poverty Wage","2 Adults (One Working) 2 Children",11,"Missouri"
"Living Wage","2 Adults (One Working) 3 Children",24.25,"Missouri"
"Poverty Wage","2 Adults (One Working) 3 Children",13,"Missouri"
"Living Wage","2 Adults",7.94,"Missouri"
"Poverty Wage","2 Adults",3,"Missouri"
"Living Wage","2 Adults 1 Child",11.1,"Missouri"
"Poverty Wage","2 Adults 1 Child",4,"Missouri"
"Living Wage","2 Adults 2 Children",13.2,"Missouri"
"Poverty Wage","2 Adults 2 Children",5,"Missouri"
"Living Wage","2 Adults 3 Children",15.2,"Missouri"
"Poverty Wage","2 Adults 3 Children",6,"Missouri"
"Living Wage","1 Adult",9.72,"Montana"
"Poverty Wage","1 Adult",5,"Montana"
"Living Wage","1 Adult 1 Child",20.34,"Montana"
"Poverty Wage","1 Adult 1 Child",7,"Montana"
"Living Wage","1 Adult 2 Children",26.25,"Montana"
"Poverty Wage","1 Adult 2 Children",9,"Montana"
"Living Wage","1 Adult 3 Children",34.58,"Montana"
"Poverty Wage","1 Adult 3 Children",11,"Montana"
"Living Wage","2 Adults (One Working)",15.76,"Montana"
"Poverty Wage","2 Adults (One Working)",7,"Montana"
"Living Wage","2 Adults (One Working) 1 Child",18.87,"Montana"
"Poverty Wage","2 Adults (One Working) 1 Child",9,"Montana"
"Living Wage","2 Adults (One Working) 2 Children",21.5,"Montana"
"Poverty Wage","2 Adults (One Working) 2 Children",11,"Montana"
"Living Wage","2 Adults (One Working) 3 Children",24.15,"Montana"
"Poverty Wage","2 Adults (One Working) 3 Children",13,"Montana"
"Living Wage","2 Adults",7.88,"Montana"
"Poverty Wage","2 Adults",3,"Montana"
"Living Wage","2 Adults 1 Child",11.32,"Montana"
"Poverty Wage","2 Adults 1 Child",4,"Montana"
"Living Wage","2 Adults 2 Children",14.5,"Montana"
"Poverty Wage","2 Adults 2 Children",5,"Montana"
"Living Wage","2 Adults 3 Children",17.7,"Montana"
"Poverty Wage","2 Adults 3 Children",6,"Montana"
"Living Wage","1 Adult",9.48,"Nebraska"
"Poverty Wage","1 Adult",5,"Nebraska"
"Living Wage","1 Adult 1 Child",20.96,"Nebraska"
"Poverty Wage","1 Adult 1 Child",7,"Nebraska"
"Living Wage","1 Adult 2 Children",25.75,"Nebraska"
"Poverty Wage","1 Adult 2 Children",9,"Nebraska"
"Living Wage","1 Adult 3 Children",32.66,"Nebraska"
"Poverty Wage","1 Adult 3 Children",11,"Nebraska"
"Living Wage","2 Adults (One Working)",15.96,"Nebraska"
"Poverty Wage","2 Adults (One Working)",7,"Nebraska"
"Living Wage","2 Adults (One Working) 1 Child",19.44,"Nebraska"
"Poverty Wage","2 Adults (One Working) 1 Child",9,"Nebraska"
"Living Wage","2 Adults (One Working) 2 Children",21.98,"Nebraska"
"Poverty Wage","2 Adults (One Working) 2 Children",11,"Nebraska"
"Living Wage","2 Adults (One Working) 3 Children",24.13,"Nebraska"
"Poverty Wage","2 Adults (One Working) 3 Children",13,"Nebraska"
"Living Wage","2 Adults",7.98,"Nebraska"
"Poverty Wage","2 Adults",3,"Nebraska"
"Living Wage","2 Adults 1 Child",11.56,"Nebraska"
"Poverty Wage","2 Adults 1 Child",4,"Nebraska"
"Living Wage","2 Adults 2 Children",14.2,"Nebraska"
"Poverty Wage","2 Adults 2 Children",5,"Nebraska"
"Living Wage","2 Adults 3 Children",16.64,"Nebraska"
"Poverty Wage","2 Adults 3 Children",6,"Nebraska"
"Living Wage","1 Adult",10.66,"Nevada"
"Poverty Wage","1 Adult",5,"Nevada"
"Living Wage","1 Adult 1 Child",23.08,"Nevada"
"Poverty Wage","1 Adult 1 Child",7,"Nevada"
"Living Wage","1 Adult 2 Children",27.1,"Nevada"
"Poverty Wage","1 Adult 2 Children",9,"Nevada"
"Living Wage","1 Adult 3 Children",34.68,"Nevada"
"Poverty Wage","1 Adult 3 Children",11,"Nevada"
"Living Wage","2 Adults (One Working)",17.45,"Nevada"
"Poverty Wage","2 Adults (One Working)",7,"Nevada"
"Living Wage","2 Adults (One Working) 1 Child",21.03,"Nevada"
"Poverty Wage","2 Adults (One Working) 1 Child",9,"Nevada"
"Living Wage","2 Adults (One Working) 2 Children",23.62,"Nevada"
"Poverty Wage","2 Adults (One Working) 2 Children",11,"Nevada"
"Living Wage","2 Adults (One Working) 3 Children",27.39,"Nevada"
"Poverty Wage","2 Adults (One Working) 3 Children",13,"Nevada"
"Living Wage","2 Adults",8.72,"Nevada"
"Poverty Wage","2 Adults",3,"Nevada"
"Living Wage","2 Adults 1 Child",12.67,"Nevada"
"Poverty Wage","2 Adults 1 Child",4,"Nevada"
"Living Wage","2 Adults 2 Children",14.91,"Nevada"
"Poverty Wage","2 Adults 2 Children",5,"Nevada"
"Living Wage","2 Adults 3 Children",17.74,"Nevada"
"Poverty Wage","2 Adults 3 Children",6,"Nevada"
"Living Wage","1 Adult",11.43,"New Hampshire"
"Poverty Wage","1 Adult",5,"New Hampshire"
"Living Wage","1 Adult 1 Child",24.24,"New Hampshire"
"Poverty Wage","1 Adult 1 Child",7,"New Hampshire"
"Living Wage","1 Adult 2 Children",28.06,"New Hampshire"
"Poverty Wage","1 Adult 2 Children",9,"New Hampshire"
"Living Wage","1 Adult 3 Children",34.67,"New Hampshire"
"Poverty Wage","1 Adult 3 Children",11,"New Hampshire"
"Living Wage","2 Adults (One Working)",17.83,"New Hampshire"
"Poverty Wage","2 Adults (One Working)",7,"New Hampshire"
"Living Wage","2 Adults (One Working) 1 Child",21.74,"New Hampshire"
"Poverty Wage","2 Adults (One Working) 1 Child",9,"New Hampshire"
"Living Wage","2 Adults (One Working) 2 Children",24.3,"New Hampshire"
"Poverty Wage","2 Adults (One Working) 2 Children",11,"New Hampshire"
"Living Wage","2 Adults (One Working) 3 Children",27.37,"New Hampshire"
"Poverty Wage","2 Adults (One Working) 3 Children",13,"New Hampshire"
"Living Wage","2 Adults",8.91,"New Hampshire"
"Poverty Wage","2 Adults",3,"New Hampshire"
"Living Wage","2 Adults 1 Child",13.25,"New Hampshire"
"Poverty Wage","2 Adults 1 Child",4,"New Hampshire"
"Living Wage","2 Adults 2 Children",15.37,"New Hampshire"
"Poverty Wage","2 Adults 2 Children",5,"New Hampshire"
"Living Wage","2 Adults 3 Children",17.75,"New Hampshire"
"Poverty Wage","2 Adults 3 Children",6,"New Hampshire"
"Living Wage","1 Adult",12.51,"New Jersey"
"Poverty Wage","1 Adult",5,"New Jersey"
"Living Wage","1 Adult 1 Child",24.79,"New Jersey"
"Poverty Wage","1 Adult 1 Child",7,"New Jersey"
"Living Wage","1 Adult 2 Children",28.66,"New Jersey"
"Poverty Wage","1 Adult 2 Children",9,"New Jersey"
"Living Wage","1 Adult 3 Children",35.65,"New Jersey"
"Poverty Wage","1 Adult 3 Children",11,"New Jersey"
"Living Wage","2 Adults (One Working)",18.7,"New Jersey"
"Poverty Wage","2 Adults (One Working)",7,"New Jersey"
"Living Wage","2 Adults (One Working) 1 Child",22.63,"New Jersey"
"Poverty Wage","2 Adults (One Working) 1 Child",9,"New Jersey"
"Living Wage","2 Adults (One Working) 2 Children",25.13,"New Jersey"
"Poverty Wage","2 Adults (One Working) 2 Children",11,"New Jersey"
"Living Wage","2 Adults (One Working) 3 Children",28.5,"New Jersey"
"Poverty Wage","2 Adults (One Working) 3 Children",13,"New Jersey"
"Living Wage","2 Adults",9.35,"New Jersey"
"Poverty Wage","2 Adults",3,"New Jersey"
"Living Wage","2 Adults 1 Child",13.49,"New Jersey"
"Poverty Wage","2 Adults 1 Child",4,"New Jersey"
"Living Wage","2 Adults 2 Children",15.64,"New Jersey"
"Poverty Wage","2 Adults 2 Children",5,"New Jersey"
"Living Wage","2 Adults 3 Children",18.23,"New Jersey"
"Poverty Wage","2 Adults 3 Children",6,"New Jersey"
"Living Wage","1 Adult",10.13,"New Mexico"
"Poverty Wage","1 Adult",5,"New Mexico"
"Living Wage","1 Adult 1 Child",20.78,"New Mexico"
"Poverty Wage","1 Adult 1 Child",7,"New Mexico"
"Living Wage","1 Adult 2 Children",24.86,"New Mexico"
"Poverty Wage","1 Adult 2 Children",9,"New Mexico"
"Living Wage","1 Adult 3 Children",31.51,"New Mexico"
"Poverty Wage","1 Adult 3 Children",11,"New Mexico"
"Living Wage","2 Adults (One Working)",16.64,"New Mexico"
"Poverty Wage","2 Adults (One Working)",7,"New Mexico"
"Living Wage","2 Adults (One Working) 1 Child",19.83,"New Mexico"
"Poverty Wage","2 Adults (One Working) 1 Child",9,"New Mexico"
"Living Wage","2 Adults (One Working) 2 Children",22.49,"New Mexico"
"Poverty Wage","2 Adults (One Working) 2 Children",11,"New Mexico"
"Living Wage","2 Adults (One Working) 3 Children",25.29,"New Mexico"
"Poverty Wage","2 Adults (One Working) 3 Children",13,"New Mexico"
"Living Wage","2 Adults",8.32,"New Mexico"
"Poverty Wage","2 Adults",3,"New Mexico"
"Living Wage","2 Adults 1 Child",11.55,"New Mexico"
"Poverty Wage","2 Adults 1 Child",4,"New Mexico"
"Living Wage","2 Adults 2 Children",13.83,"New Mexico"
"Poverty Wage","2 Adults 2 Children",5,"New Mexico"
"Living Wage","2 Adults 3 Children",16.17,"New Mexico"
"Poverty Wage","2 Adults 3 Children",6,"New Mexico"
"Living Wage","1 Adult",12.75,"New York"
"Poverty Wage","1 Adult",5,"New York"
"Living Wage","1 Adult 1 Child",26.19,"New York"
"Poverty Wage","1 Adult 1 Child",7,"New York"
"Living Wage","1 Adult 2 Children",33.92,"New York"
"Poverty Wage","1 Adult 2 Children",9,"New York"
"Living Wage","1 Adult 3 Children",44.64,"New York"
"Poverty Wage","1 Adult 3 Children",11,"New York"
"Living Wage","2 Adults (One Working)",18.96,"New York"
"Poverty Wage","2 Adults (One Working)",7,"New York"
"Living Wage","2 Adults (One Working) 1 Child",22.75,"New York"
"Poverty Wage","2 Adults (One Working) 1 Child",9,"New York"
"Living Wage","2 Adults (One Working) 2 Children",25.31,"New York"
"Poverty Wage","2 Adults (One Working) 2 Children",11,"New York"
"Living Wage","2 Adults (One Working) 3 Children",28.56,"New York"
"Poverty Wage","2 Adults (One Working) 3 Children",13,"New York"
"Living Wage","2 Adults",9.48,"New York"
"Poverty Wage","2 Adults",3,"New York"
"Living Wage","2 Adults 1 Child",14.21,"New York"
"Poverty Wage","2 Adults 1 Child",4,"New York"
"Living Wage","2 Adults 2 Children",18.3,"New York"
"Poverty Wage","2 Adults 2 Children",5,"New York"
"Living Wage","2 Adults 3 Children",22.74,"New York"
"Poverty Wage","2 Adults 3 Children",6,"New York"
"Living Wage","1 Adult",10.53,"North Carolina"
"Poverty Wage","1 Adult",5,"North Carolina"
"Living Wage","1 Adult 1 Child",21.63,"North Carolina"
"Poverty Wage","1 Adult 1 Child",7,"North Carolina"
"Living Wage","1 Adult 2 Children",25.83,"North Carolina"
"Poverty Wage","1 Adult 2 Children",9,"North Carolina"
"Living Wage","1 Adult 3 Children",32.34,"North Carolina"
"Poverty Wage","1 Adult 3 Children",11,"North Carolina"
"Living Wage","2 Adults (One Working)",16.89,"North Carolina"
"Poverty Wage","2 Adults (One Working)",7,"North Carolina"
"Living Wage","2 Adults (One Working) 1 Child",20.46,"North Carolina"
"Poverty Wage","2 Adults (One Working) 1 Child",9,"North Carolina"
"Living Wage","2 Adults (One Working) 2 Children",23.09,"North Carolina"
"Poverty Wage","2 Adults (One Working) 2 Children",11,"North Carolina"
"Living Wage","2 Adults (One Working) 3 Children",25.35,"North Carolina"
"Poverty Wage","2 Adults (One Working) 3 Children",13,"North Carolina"
"Living Wage","2 Adults",8.44,"North Carolina"
"Poverty Wage","2 Adults",3,"North Carolina"
"Living Wage","2 Adults 1 Child",11.92,"North Carolina"
"Poverty Wage","2 Adults 1 Child",4,"North Carolina"
"Living Wage","2 Adults 2 Children",14.28,"North Carolina"
"Poverty Wage","2 Adults 2 Children",5,"North Carolina"
"Living Wage","2 Adults 3 Children",16.47,"North Carolina"
"Poverty Wage","2 Adults 3 Children",6,"North Carolina"
"Living Wage","1 Adult",9.79,"North Dakota"
"Poverty Wage","1 Adult",5,"North Dakota"
"Living Wage","1 Adult 1 Child",20.39,"North Dakota"
"Poverty Wage","1 Adult 1 Child",7,"North Dakota"
"Living Wage","1 Adult 2 Children",24.73,"North Dakota"
"Poverty Wage","1 Adult 2 Children",9,"North Dakota"
"Living Wage","1 Adult 3 Children",31.6,"North Dakota"
"Poverty Wage","1 Adult 3 Children",11,"North Dakota"
"Living Wage","2 Adults (One Working)",15.84,"North Dakota"
"Poverty Wage","2 Adults (One Working)",7,"North Dakota"
"Living Wage","2 Adults (One Working) 1 Child",18.96,"North Dakota"
"Poverty Wage","2 Adults (One Working) 1 Child",9,"North Dakota"
"Living Wage","2 Adults (One Working) 2 Children",21.45,"North Dakota"
"Poverty Wage","2 Adults (One Working) 2 Children",11,"North Dakota"
"Living Wage","2 Adults (One Working) 3 Children",24.01,"North Dakota"
"Poverty Wage","2 Adults (One Working) 3 Children",13,"North Dakota"
"Living Wage","2 Adults",7.92,"North Dakota"
"Poverty Wage","2 Adults",3,"North Dakota"
"Living Wage","2 Adults 1 Child",11.25,"North Dakota"
"Poverty Wage","2 Adults 1 Child",4,"North Dakota"
"Living Wage","2 Adults 2 Children",13.67,"North Dakota"
"Poverty Wage","2 Adults 2 Children",5,"North Dakota"
"Living Wage","2 Adults 3 Children",16.11,"North Dakota"
"Poverty Wage","2 Adults 3 Children",6,"North Dakota"
"Living Wage","1 Adult",9.39,"Ohio"
"Poverty Wage","1 Adult",5,"Ohio"
"Living Wage","1 Adult 1 Child",19.93,"Ohio"
"Poverty Wage","1 Adult 1 Child",7,"Ohio"
"Living Wage","1 Adult 2 Children",24.18,"Ohio"
"Poverty Wage","1 Adult 2 Children",9,"Ohio"
"Living Wage","1 Adult 3 Children",30.55,"Ohio"
"Poverty Wage","1 Adult 3 Children",11,"Ohio"
"Living Wage","2 Adults (One Working)",15.41,"Ohio"
"Poverty Wage","2 Adults (One Working)",7,"Ohio"
"Living Wage","2 Adults (One Working) 1 Child",18.67,"Ohio"
"Poverty Wage","2 Adults (One Working) 1 Child",9,"Ohio"
"Living Wage","2 Adults (One Working) 2 Children",21.16,"Ohio"
"Poverty Wage","2 Adults (One Working) 2 Children",11,"Ohio"
"Living Wage","2 Adults (One Working) 3 Children",23.3,"Ohio"
"Poverty Wage","2 Adults (One Working) 3 Children",13,"Ohio"
"Living Wage","2 Adults",7.71,"Ohio"
"Poverty Wage","2 Adults",3,"Ohio"
"Living Wage","2 Adults 1 Child",11.02,"Ohio"
"Poverty Wage","2 Adults 1 Child",4,"Ohio"
"Living Wage","2 Adults 2 Children",13.39,"Ohio"
"Poverty Wage","2 Adults 2 Children",5,"Ohio"
"Living Wage","2 Adults 3 Children",15.58,"Ohio"
"Poverty Wage","2 Adults 3 Children",6,"Ohio"
"Living Wage","1 Adult",9.49,"Oklahoma"
"Poverty Wage","1 Adult",5,"Oklahoma"
"Living Wage","1 Adult 1 Child",20.3,"Oklahoma"
"Poverty Wage","1 Adult 1 Child",7,"Oklahoma"
"Living Wage","1 Adult 2 Children",24.27,"Oklahoma"
"Poverty Wage","1 Adult 2 Children",9,"Oklahoma"
"Living Wage","1 Adult 3 Children",30.42,"Oklahoma"
"Poverty Wage","1 Adult 3 Children",11,"Oklahoma"
"Living Wage","2 Adults (One Working)",15.84,"Oklahoma"
"Poverty Wage","2 Adults (One Working)",7,"Oklahoma"
"Living Wage","2 Adults (One Working) 1 Child",19.42,"Oklahoma"
"Poverty Wage","2 Adults (One Working) 1 Child",9,"Oklahoma"
"Living Wage","2 Adults (One Working) 2 Children",21.94,"Oklahoma"
"Poverty Wage","2 Adults (One Working) 2 Children",11,"Oklahoma"
"Living Wage","2 Adults (One Working) 3 Children",24.08,"Oklahoma"
"Poverty Wage","2 Adults (One Working) 3 Children",13,"Oklahoma"
"Living Wage","2 Adults",7.92,"Oklahoma"
"Poverty Wage","2 Adults",3,"Oklahoma"
"Living Wage","2 Adults 1 Child",11.21,"Oklahoma"
"Poverty Wage","2 Adults 1 Child",4,"Oklahoma"
"Living Wage","2 Adults 2 Children",13.45,"Oklahoma"
"Poverty Wage","2 Adults 2 Children",5,"Oklahoma"
"Living Wage","2 Adults 3 Children",15.5,"Oklahoma"
"Poverty Wage","2 Adults 3 Children",6,"Oklahoma"
"Living Wage","1 Adult",10.68,"Oregon"
"Poverty Wage","1 Adult",5,"Oregon"
"Living Wage","1 Adult 1 Child",22.56,"Oregon"
"Poverty Wage","1 Adult 1 Child",7,"Oregon"
"Living Wage","1 Adult 2 Children",27.09,"Oregon"
"Poverty Wage","1 Adult 2 Children",9,"Oregon"
"Living Wage","1 Adult 3 Children",34.88,"Oregon"
"Poverty Wage","1 Adult 3 Children",11,"Oregon"
"Living Wage","2 Adults (One Working)",17.6,"Oregon"
"Poverty Wage","2 Adults (One Working)",7,"Oregon"
"Living Wage","2 Adults (One Working) 1 Child",21.16,"Oregon"
"Poverty Wage","2 Adults (One Working) 1 Child",9,"Oregon"
"Living Wage","2 Adults (One Working) 2 Children",23.91,"Oregon"
"Poverty Wage","2 Adults (One Working) 2 Children",11,"Oregon"
"Living Wage","2 Adults (One Working) 3 Children",27.4,"Oregon"
"Poverty Wage","2 Adults (One Working) 3 Children",13,"Oregon"
"Living Wage","2 Adults",8.8,"Oregon"
"Poverty Wage","2 Adults",3,"Oregon"
"Living Wage","2 Adults 1 Child",12.48,"Oregon"
"Poverty Wage","2 Adults 1 Child",4,"Oregon"
"Living Wage","2 Adults 2 Children",14.99,"Oregon"
"Poverty Wage","2 Adults 2 Children",5,"Oregon"
"Living Wage","2 Adults 3 Children",17.87,"Oregon"
"Poverty Wage","2 Adults 3 Children",6,"Oregon"
"Living Wage","1 Adult",10.4,"Pennsylvania"
"Poverty Wage","1 Adult",5,"Pennsylvania"
"Living Wage","1 Adult 1 Child",21.79,"Pennsylvania"
"Poverty Wage","1 Adult 1 Child",7,"Pennsylvania"
"Living Wage","1 Adult 2 Children",26.83,"Pennsylvania"
"Poverty Wage","1 Adult 2 Children",9,"Pennsylvania"
"Living Wage","1 Adult 3 Children",34,"Pennsylvania"
"Poverty Wage","1 Adult 3 Children",11,"Pennsylvania"
"Living Wage","2 Adults (One Working)",16.6,"Pennsylvania"
"Poverty Wage","2 Adults (One Working)",7,"Pennsylvania"
"Living Wage","2 Adults (One Working) 1 Child",19.97,"Pennsylvania"
"Poverty Wage","2 Adults (One Working) 1 Child",9,"Pennsylvania"
"Living Wage","2 Adults (One Working) 2 Children",22.49,"Pennsylvania"
"Poverty Wage","2 Adults (One Working) 2 Children",11,"Pennsylvania"
"Living Wage","2 Adults (One Working) 3 Children",24.88,"Pennsylvania"
"Poverty Wage","2 Adults (One Working) 3 Children",13,"Pennsylvania"
"Living Wage","2 Adults",8.3,"Pennsylvania"
"Poverty Wage","2 Adults",3,"Pennsylvania"
"Living Wage","2 Adults 1 Child",12,"Pennsylvania"
"Poverty Wage","2 Adults 1 Child",4,"Pennsylvania"
"Living Wage","2 Adults 2 Children",14.74,"Pennsylvania"
"Poverty Wage","2 Adults 2 Children",5,"Pennsylvania"
"Living Wage","2 Adults 3 Children",17.41,"Pennsylvania"
"Poverty Wage","2 Adults 3 Children",6,"Pennsylvania"
"Living Wage","1 Adult",11.01,"Rhode Island"
"Poverty Wage","1 Adult",5,"Rhode Island"
"Living Wage","1 Adult 1 Child",23.37,"Rhode Island"
"Poverty Wage","1 Adult 1 Child",7,"Rhode Island"
"Living Wage","1 Adult 2 Children",28.48,"Rhode Island"
"Poverty Wage","1 Adult 2 Children",9,"Rhode Island"
"Living Wage","1 Adult 3 Children",35.74,"Rhode Island"
"Poverty Wage","1 Adult 3 Children",11,"Rhode Island"
"Living Wage","2 Adults (One Working)",17.18,"Rhode Island"
"Poverty Wage","2 Adults (One Working)",7,"Rhode Island"
"Living Wage","2 Adults (One Working) 1 Child",20.44,"Rhode Island"
"Poverty Wage","2 Adults (One Working) 1 Child",9,"Rhode Island"
"Living Wage","2 Adults (One Working) 2 Children",22.98,"Rhode Island"
"Poverty Wage","2 Adults (One Working) 2 Children",11,"Rhode Island"
"Living Wage","2 Adults (One Working) 3 Children",25.41,"Rhode Island"
"Poverty Wage","2 Adults (One Working) 3 Children",13,"Rhode Island"
"Living Wage","2 Adults",8.59,"Rhode Island"
"Poverty Wage","2 Adults",3,"Rhode Island"
"Living Wage","2 Adults 1 Child",12.8,"Rhode Island"
"Poverty Wage","2 Adults 1 Child",4,"Rhode Island"
"Living Wage","2 Adults 2 Children",15.57,"Rhode Island"
"Poverty Wage","2 Adults 2 Children",5,"Rhode Island"
"Living Wage","2 Adults 3 Children",18.29,"Rhode Island"
"Poverty Wage","2 Adults 3 Children",6,"Rhode Island"
"Living Wage","1 Adult",10.49,"South Carolina"
"Poverty Wage","1 Adult",5,"South Carolina"
"Living Wage","1 Adult 1 Child",20.22,"South Carolina"
"Poverty Wage","1 Adult 1 Child",7,"South Carolina"
"Living Wage","1 Adult 2 Children",23.3,"South Carolina"
"Poverty Wage","1 Adult 2 Children",9,"South Carolina"
"Living Wage","1 Adult 3 Children",28.56,"South Carolina"
"Poverty Wage","1 Adult 3 Children",11,"South Carolina"
"Living Wage","2 Adults (One Working)",16.7,"South Carolina"
"Poverty Wage","2 Adults (One Working)",7,"South Carolina"
"Living Wage","2 Adults (One Working) 1 Child",20.09,"South Carolina"
"Poverty Wage","2 Adults (One Working) 1 Child",9,"South Carolina"
"Living Wage","2 Adults (One Working) 2 Children",22.67,"South Carolina"
"Poverty Wage","2 Adults (One Working) 2 Children",11,"South Carolina"
"Living Wage","2 Adults (One Working) 3 Children",24.8,"South Carolina"
"Poverty Wage","2 Adults (One Working) 3 Children",13,"South Carolina"
"Living Wage","2 Adults",8.35,"South Carolina"
"Poverty Wage","2 Adults",3,"South Carolina"
"Living Wage","2 Adults 1 Child",11.19,"South Carolina"
"Poverty Wage","2 Adults 1 Child",4,"South Carolina"
"Living Wage","2 Adults 2 Children",13,"South Carolina"
"Poverty Wage","2 Adults 2 Children",5,"South Carolina"
"Living Wage","2 Adults 3 Children",14.57,"South Carolina"
"Poverty Wage","2 Adults 3 Children",6,"South Carolina"
"Living Wage","1 Adult",9.48,"South Dakota"
"Poverty Wage","1 Adult",5,"South Dakota"
"Living Wage","1 Adult 1 Child",19.74,"South Dakota"
"Poverty Wage","1 Adult 1 Child",7,"South Dakota"
"Living Wage","1 Adult 2 Children",23.64,"South Dakota"
"Poverty Wage","1 Adult 2 Children",9,"South Dakota"
"Living Wage","1 Adult 3 Children",29.81,"South Dakota"
"Poverty Wage","1 Adult 3 Children",11,"South Dakota"
"Living Wage","2 Adults (One Working)",15.87,"South Dakota"
"Poverty Wage","2 Adults (One Working)",7,"South Dakota"
"Living Wage","2 Adults (One Working) 1 Child",18.95,"South Dakota"
"Poverty Wage","2 Adults (One Working) 1 Child",9,"South Dakota"
"Living Wage","2 Adults (One Working) 2 Children",21.42,"South Dakota"
"Poverty Wage","2 Adults (One Working) 2 Children",11,"South Dakota"
"Living Wage","2 Adults (One Working) 3 Children",23.7,"South Dakota"
"Poverty Wage","2 Adults (One Working) 3 Children",13,"South Dakota"
"Living Wage","2 Adults",7.93,"South Dakota"
"Poverty Wage","2 Adults",3,"South Dakota"
"Living Wage","2 Adults 1 Child",10.92,"South Dakota"
"Poverty Wage","2 Adults 1 Child",4,"South Dakota"
"Living Wage","2 Adults 2 Children",13.11,"South Dakota"
"Poverty Wage","2 Adults 2 Children",5,"South Dakota"
"Living Wage","2 Adults 3 Children",15.21,"South Dakota"
"Poverty Wage","2 Adults 3 Children",6,"South Dakota"
"Living Wage","1 Adult",10.26,"Tennessee"
"Poverty Wage","1 Adult",5,"Tennessee"
"Living Wage","1 Adult 1 Child",20.29,"Tennessee"
"Poverty Wage","1 Adult 1 Child",7,"Tennessee"
"Living Wage","1 Adult 2 Children",23.8,"Tennessee"
"Poverty Wage","1 Adult 2 Children",9,"Tennessee"
"Living Wage","1 Adult 3 Children",29.6,"Tennessee"
"Poverty Wage","1 Adult 3 Children",11,"Tennessee"
"Living Wage","2 Adults (One Working)",16.83,"Tennessee"
"Poverty Wage","2 Adults (One Working)",7,"Tennessee"
"Living Wage","2 Adults (One Working) 1 Child",20.15,"Tennessee"
"Poverty Wage","2 Adults (One Working) 1 Child",9,"Tennessee"
"Living Wage","2 Adults (One Working) 2 Children",22.78,"Tennessee"
"Poverty Wage","2 Adults (One Working) 2 Children",11,"Tennessee"
"Living Wage","2 Adults (One Working) 3 Children",25.03,"Tennessee"
"Poverty Wage","2 Adults (One Working) 3 Children",13,"Tennessee"
"Living Wage","2 Adults",8.41,"Tennessee"
"Poverty Wage","2 Adults",3,"Tennessee"
"Living Wage","2 Adults 1 Child",11.25,"Tennessee"
"Poverty Wage","2 Adults 1 Child",4,"Tennessee"
"Living Wage","2 Adults 2 Children",13.27,"Tennessee"
"Poverty Wage","2 Adults 2 Children",5,"Tennessee"
"Living Wage","2 Adults 3 Children",15.1,"Tennessee"
"Poverty Wage","2 Adults 3 Children",6,"Tennessee"
"Living Wage","1 Adult",10.2,"Texas"
"Poverty Wage","1 Adult",5,"Texas"
"Living Wage","1 Adult 1 Child",21.06,"Texas"
"Poverty Wage","1 Adult 1 Child",7,"Texas"
"Living Wage","1 Adult 2 Children",24.48,"Texas"
"Poverty Wage","1 Adult 2 Children",9,"Texas"
"Living Wage","1 Adult 3 Children",30.4,"Texas"
"Poverty Wage","1 Adult 3 Children",11,"Texas"
"Living Wage","2 Adults (One Working)",16.69,"Texas"
"Poverty Wage","2 Adults (One Working)",7,"Texas"
"Living Wage","2 Adults (One Working) 1 Child",20.3,"Texas"
"Poverty Wage","2 Adults (One Working) 1 Child",9,"Texas"
"Living Wage","2 Adults (One Working) 2 Children",22.8,"Texas"
"Poverty Wage","2 Adults (One Working) 2 Children",11,"Texas"
"Living Wage","2 Adults (One Working) 3 Children",25.26,"Texas"
"Poverty Wage","2 Adults (One Working) 3 Children",13,"Texas"
"Living Wage","2 Adults",8.34,"Texas"
"Poverty Wage","2 Adults",3,"Texas"
"Living Wage","2 Adults 1 Child",11.58,"Texas"
"Poverty Wage","2 Adults 1 Child",4,"Texas"
"Living Wage","2 Adults 2 Children",13.54,"Texas"
"Poverty Wage","2 Adults 2 Children",5,"Texas"
"Living Wage","2 Adults 3 Children",15.48,"Texas"
"Poverty Wage","2 Adults 3 Children",6,"Texas"
"Living Wage","1 Adult",10.29,"Utah"
"Poverty Wage","1 Adult",5,"Utah"
"Living Wage","1 Adult 1 Child",20.69,"Utah"
"Poverty Wage","1 Adult 1 Child",7,"Utah"
"Living Wage","1 Adult 2 Children",24.6,"Utah"
"Poverty Wage","1 Adult 2 Children",9,"Utah"
"Living Wage","1 Adult 3 Children",31.32,"Utah"
"Poverty Wage","1 Adult 3 Children",11,"Utah"
"Living Wage","2 Adults (One Working)",16.6,"Utah"
"Poverty Wage","2 Adults (One Working)",7,"Utah"
"Living Wage","2 Adults (One Working) 1 Child",20.03,"Utah"
"Poverty Wage","2 Adults (One Working) 1 Child",9,"Utah"
"Living Wage","2 Adults (One Working) 2 Children",22.73,"Utah"
"Poverty Wage","2 Adults (One Working) 2 Children",11,"Utah"
"Living Wage","2 Adults (One Working) 3 Children",25.77,"Utah"
"Poverty Wage","2 Adults (One Working) 3 Children",13,"Utah"
"Living Wage","2 Adults",8.3,"Utah"
"Poverty Wage","2 Adults",3,"Utah"
"Living Wage","2 Adults 1 Child",11.52,"Utah"
"Poverty Wage","2 Adults 1 Child",4,"Utah"
"Living Wage","2 Adults 2 Children",13.72,"Utah"
"Poverty Wage","2 Adults 2 Children",5,"Utah"
"Living Wage","2 Adults 3 Children",16.08,"Utah"
"Poverty Wage","2 Adults 3 Children",6,"Utah"
"Living Wage","1 Adult",11.13,"Vermont"
"Poverty Wage","1 Adult",5,"Vermont"
"Living Wage","1 Adult 1 Child",22.77,"Vermont"
"Poverty Wage","1 Adult 1 Child",7,"Vermont"
"Living Wage","1 Adult 2 Children",27.55,"Vermont"
"Poverty Wage","1 Adult 2 Children",9,"Vermont"
"Living Wage","1 Adult 3 Children",34.67,"Vermont"
"Poverty Wage","1 Adult 3 Children",11,"Vermont"
"Living Wage","2 Adults (One Working)",17.25,"Vermont"
"Poverty Wage","2 Adults (One Working)",7,"Vermont"
"Living Wage","2 Adults (One Working) 1 Child",20.92,"Vermont"
"Poverty Wage","2 Adults (One Working) 1 Child",9,"Vermont"
"Living Wage","2 Adults (One Working) 2 Children",23.45,"Vermont"
"Poverty Wage","2 Adults (One Working) 2 Children",11,"Vermont"
"Living Wage","2 Adults (One Working) 3 Children",26.05,"Vermont"
"Poverty Wage","2 Adults (One Working) 3 Children",13,"Vermont"
"Living Wage","2 Adults",8.62,"Vermont"
"Poverty Wage","2 Adults",3,"Vermont"
"Living Wage","2 Adults 1 Child",12.49,"Vermont"
"Poverty Wage","2 Adults 1 Child",4,"Vermont"
"Living Wage","2 Adults 2 Children",15.11,"Vermont"
"Poverty Wage","2 Adults 2 Children",5,"Vermont"
"Living Wage","2 Adults 3 Children",17.75,"Vermont"
"Poverty Wage","2 Adults 3 Children",6,"Vermont"
"Living Wage","1 Adult",12.36,"Virginia"
"Poverty Wage","1 Adult",5,"Virginia"
"Living Wage","1 Adult 1 Child",23.94,"Virginia"
"Poverty Wage","1 Adult 1 Child",7,"Virginia"
"Living Wage","1 Adult 2 Children",28.32,"Virginia"
"Poverty Wage","1 Adult 2 Children",9,"Virginia"
"Living Wage","1 Adult 3 Children",35.75,"Virginia"
"Poverty Wage","1 Adult 3 Children",11,"Virginia"
"Living Wage","2 Adults (One Working)",18.52,"Virginia"
"Poverty Wage","2 Adults (One Working)",7,"Virginia"
"Living Wage","2 Adults (One Working) 1 Child",22.34,"Virginia"
"Poverty Wage","2 Adults (One Working) 1 Child",9,"Virginia"
"Living Wage","2 Adults (One Working) 2 Children",24.91,"Virginia"
"Poverty Wage","2 Adults (One Working) 2 Children",11,"Virginia"
"Living Wage","2 Adults (One Working) 3 Children",27.92,"Virginia"
"Poverty Wage","2 Adults (One Working) 3 Children",13,"Virginia"
"Living Wage","2 Adults",9.26,"Virginia"
"Poverty Wage","2 Adults",3,"Virginia"
"Living Wage","2 Adults 1 Child",13.04,"Virginia"
"Poverty Wage","2 Adults 1 Child",4,"Virginia"
"Living Wage","2 Adults 2 Children",15.49,"Virginia"
"Poverty Wage","2 Adults 2 Children",5,"Virginia"
"Living Wage","2 Adults 3 Children",18.17,"Virginia"
"Poverty Wage","2 Adults 3 Children",6,"Virginia"
"Living Wage","1 Adult",10.34,"Washington"
"Poverty Wage","1 Adult",5,"Washington"
"Living Wage","1 Adult 1 Child",22.4,"Washington"
"Poverty Wage","1 Adult 1 Child",7,"Washington"
"Living Wage","1 Adult 2 Children",26.55,"Washington"
"Poverty Wage","1 Adult 2 Children",9,"Washington"
"Living Wage","1 Adult 3 Children",34.03,"Washington"
"Poverty Wage","1 Adult 3 Children",11,"Washington"
"Living Wage","2 Adults (One Working)",16.82,"Washington"
"Poverty Wage","2 Adults (One Working)",7,"Washington"
"Living Wage","2 Adults (One Working) 1 Child",20.43,"Washington"
"Poverty Wage","2 Adults (One Working) 1 Child",9,"Washington"
"Living Wage","2 Adults (One Working) 2 Children",23.01,"Washington"
"Poverty Wage","2 Adults (One Working) 2 Children",11,"Washington"
"Living Wage","2 Adults (One Working) 3 Children",26.55,"Washington"
"Poverty Wage","2 Adults (One Working) 3 Children",13,"Washington"
"Living Wage","2 Adults",8.41,"Washington"
"Poverty Wage","2 Adults",3,"Washington"
"Living Wage","2 Adults 1 Child",12.32,"Washington"
"Poverty Wage","2 Adults 1 Child",4,"Washington"
"Living Wage","2 Adults 2 Children",14.63,"Washington"
"Poverty Wage","2 Adults 2 Children",5,"Washington"
"Living Wage","2 Adults 3 Children",17.42,"Washington"
"Poverty Wage","2 Adults 3 Children",6,"Washington"
"Living Wage","1 Adult",9.9,"West Virginia"
"Poverty Wage","1 Adult",5,"West Virginia"
"Living Wage","1 Adult 1 Child",19.38,"West Virginia"
"Poverty Wage","1 Adult 1 Child",7,"West Virginia"
"Living Wage","1 Adult 2 Children",24.4,"West Virginia"
"Poverty Wage","1 Adult 2 Children",9,"West Virginia"
"Living Wage","1 Adult 3 Children",31.44,"West Virginia"
"Poverty Wage","1 Adult 3 Children",11,"West Virginia"
"Living Wage","2 Adults (One Working)",15.91,"West Virginia"
"Poverty Wage","2 Adults (One Working)",7,"West Virginia"
"Living Wage","2 Adults (One Working) 1 Child",18.6,"West Virginia"
"Poverty Wage","2 Adults (One Working) 1 Child",9,"West Virginia"
"Living Wage","2 Adults (One Working) 2 Children",21.18,"West Virginia"
"Poverty Wage","2 Adults (One Working) 2 Children",11,"West Virginia"
"Living Wage","2 Adults (One Working) 3 Children",23.17,"West Virginia"
"Poverty Wage","2 Adults (One Working) 3 Children",13,"West Virginia"
"Living Wage","2 Adults",7.96,"West Virginia"
"Poverty Wage","2 Adults",3,"West Virginia"
"Living Wage","2 Adults 1 Child",10.77,"West Virginia"
"Poverty Wage","2 Adults 1 Child",4,"West Virginia"
"Living Wage","2 Adults 2 Children",13.54,"West Virginia"
"Poverty Wage","2 Adults 2 Children",5,"West Virginia"
"Living Wage","2 Adults 3 Children",16.01,"West Virginia"
"Poverty Wage","2 Adults 3 Children",6,"West Virginia"
"Living Wage","1 Adult",10.13,"Wisconsin"
"Poverty Wage","1 Adult",5,"Wisconsin"
"Living Wage","1 Adult 1 Child",22.38,"Wisconsin"
"Poverty Wage","1 Adult 1 Child",7,"Wisconsin"
"Living Wage","1 Adult 2 Children",28.88,"Wisconsin"
"Poverty Wage","1 Adult 2 Children",9,"Wisconsin"
"Living Wage","1 Adult 3 Children",37.71,"Wisconsin"
"Poverty Wage","1 Adult 3 Children",11,"Wisconsin"
"Living Wage","2 Adults (One Working)",16.53,"Wisconsin"
"Poverty Wage","2 Adults (One Working)",7,"Wisconsin"
"Living Wage","2 Adults (One Working) 1 Child",19.9,"Wisconsin"
"Poverty Wage","2 Adults (One Working) 1 Child",9,"Wisconsin"
"Living Wage","2 Adults (One Working) 2 Children",22.5,"Wisconsin"
"Poverty Wage","2 Adults (One Working) 2 Children",11,"Wisconsin"
"Living Wage","2 Adults (One Working) 3 Children",24.85,"Wisconsin"
"Poverty Wage","2 Adults (One Working) 3 Children",13,"Wisconsin"
"Living Wage","2 Adults",8.27,"Wisconsin"
"Poverty Wage","2 Adults",3,"Wisconsin"
"Living Wage","2 Adults 1 Child",12.29,"Wisconsin"
"Poverty Wage","2 Adults 1 Child",4,"Wisconsin"
"Living Wage","2 Adults 2 Children",15.79,"Wisconsin"
"Poverty Wage","2 Adults 2 Children",5,"Wisconsin"
"Living Wage","2 Adults 3 Children",19.18,"Wisconsin"
"Poverty Wage","2 Adults 3 Children",6,"Wisconsin"
"Living Wage","1 Adult",9.93,"Wyoming"
"Poverty Wage","1 Adult",5,"Wyoming"
"Living Wage","1 Adult 1 Child",20.8,"Wyoming"
"Poverty Wage","1 Adult 1 Child",7,"Wyoming"
"Living Wage","1 Adult 2 Children",26.82,"Wyoming"
"Poverty Wage","1 Adult 2 Children",9,"Wyoming"
"Living Wage","1 Adult 3 Children",35.28,"Wyoming"
"Poverty Wage","1 Adult 3 Children",11,"Wyoming"
"Living Wage","2 Adults (One Working)",15.82,"Wyoming"
"Poverty Wage","2 Adults (One Working)",7,"Wyoming"
"Living Wage","2 Adults (One Working) 1 Child",19.16,"Wyoming"
"Poverty Wage","2 Adults (One Working) 1 Child",9,"Wyoming"
"Living Wage","2 Adults (One Working) 2 Children",21.75,"Wyoming"
"Poverty Wage","2 Adults (One Working) 2 Children",11,"Wyoming"
"Living Wage","2 Adults (One Working) 3 Children",24.41,"Wyoming"
"Poverty Wage","2 Adults (One Working) 3 Children",13,"Wyoming"
"Living Wage","2 Adults",7.91,"Wyoming"
"Poverty Wage","2 Adults",3,"Wyoming"
"Living Wage","2 Adults 1 Child",11.53,"Wyoming"
"Poverty Wage","2 Adults 1 Child",4,"Wyoming"
"Living Wage","2 Adults 2 Children",14.77,"Wyoming"
"Poverty Wage","2 Adults 2 Children",5,"Wyoming"
"Living Wage","2 Adults 3 Children",18.04,"Wyoming"
"Poverty Wage","2 Adults 3 Children",6,"Wyoming"
